Changes made at Sat Aug  9 05:58:18 UTC 2025
Changes made at Sat Aug  9 06:00:13 UTC 2025
Changes made at Sat Aug  9 06:01:25 UTC 2025
Changes made at Sat Aug  9 06:10:34 UTC 2025
Changes made at Sat Aug  9 08:14:07 UTC 2025
Changes made at Sat Aug  9 08:15:15 UTC 2025
Changes made at Sat Aug  9 10:11:03 UTC 2025
Changes made at Sat Aug  9 14:10:13 UTC 2025
Changes made at Sat Aug  9 16:12:55 UTC 2025
Changes made at Sun Aug 10 08:14:16 UTC 2025
Changes made at Sun Aug 10 10:11:42 UTC 2025
Changes made at Sun Aug 10 14:10:09 UTC 2025
Changes made at Sun Aug 10 16:13:05 UTC 2025
Changes made at Mon Aug 11 08:18:02 UTC 2025
Changes made at Mon Aug 11 10:13:28 UTC 2025
Changes made at Mon Aug 11 14:14:02 UTC 2025
Changes made at Mon Aug 11 16:14:48 UTC 2025
Changes made at Tue Aug 12 08:16:11 UTC 2025
Changes made at Tue Aug 12 10:12:54 UTC 2025
Changes made at Tue Aug 12 14:12:10 UTC 2025
Changes made at Tue Aug 12 16:14:22 UTC 2025
Changes made at Wed Aug 13 08:15:53 UTC 2025
Changes made at Wed Aug 13 10:12:40 UTC 2025
Changes made at Wed Aug 13 14:12:39 UTC 2025
Changes made at Wed Aug 13 16:11:15 UTC 2025
Changes made at Thu Aug 14 08:16:19 UTC 2025
Changes made at Thu Aug 14 10:12:55 UTC 2025
Changes made at Thu Aug 14 14:11:48 UTC 2025
Changes made at Thu Aug 14 16:14:54 UTC 2025
Changes made at Fri Aug 15 08:15:49 UTC 2025
Changes made at Fri Aug 15 10:12:10 UTC 2025
Changes made at Fri Aug 15 14:11:20 UTC 2025
Changes made at Fri Aug 15 16:13:34 UTC 2025
Changes made at Sat Aug 16 08:13:58 UTC 2025
Changes made at Sat Aug 16 10:10:37 UTC 2025
Changes made at Sat Aug 16 14:09:18 UTC 2025
Changes made at Sat Aug 16 16:12:01 UTC 2025
Changes made at Sun Aug 17 07:54:27 UTC 2025
Changes made at Sun Aug 17 07:58:04 UTC 2025
Changes made at Sun Aug 17 08:08:37 UTC 2025
Changes made at Sun Aug 17 08:14:27 UTC 2025
Changes made at Sun Aug 17 08:16:29 UTC 2025
Changes made at Sun Aug 17 08:17:10 UTC 2025
Changes made at Sun Aug 17 10:11:08 UTC 2025
Changes made at Sun Aug 17 11:01:42 UTC 2025
Changes made at Sun Aug 17 11:04:32 UTC 2025
Changes made at Mon Aug 18 05:54:29 UTC 2025
Changes made at Mon Aug 18 07:50:37 UTC 2025
Changes made at Mon Aug 18 09:54:29 UTC 2025
Changes made at Mon Aug 18 10:55:37 UTC 2025
Changes made at Tue Aug 19 05:47:27 UTC 2025
Changes made at Tue Aug 19 07:44:22 UTC 2025
Changes made at Tue Aug 19 09:48:50 UTC 2025
Changes made at Tue Aug 19 10:52:05 UTC 2025
Changes made at Wed Aug 20 05:48:11 UTC 2025
Changes made at Wed Aug 20 07:46:13 UTC 2025
Changes made at Wed Aug 20 09:49:17 UTC 2025
Changes made at Wed Aug 20 10:51:43 UTC 2025
Changes made at Thu Aug 21 05:48:14 UTC 2025
Changes made at Thu Aug 21 07:45:17 UTC 2025
Changes made at Thu Aug 21 09:48:07 UTC 2025
Changes made at Thu Aug 21 10:51:16 UTC 2025
Changes made at Fri Aug 22 05:46:34 UTC 2025
Changes made at Fri Aug 22 07:43:45 UTC 2025
Changes made at Fri Aug 22 09:46:37 UTC 2025
Changes made at Fri Aug 22 10:50:29 UTC 2025
Changes made at Sat Aug 23 05:44:29 UTC 2025
Changes made at Sat Aug 23 07:42:39 UTC 2025
Changes made at Sat Aug 23 09:43:04 UTC 2025
Changes made at Sat Aug 23 10:45:06 UTC 2025
Changes made at Sun Aug 24 05:45:45 UTC 2025
Changes made at Sun Aug 24 07:42:59 UTC 2025
Changes made at Sun Aug 24 09:43:26 UTC 2025
Changes made at Sun Aug 24 10:45:22 UTC 2025
Changes made at Mon Aug 25 05:50:35 UTC 2025
Changes made at Mon Aug 25 07:46:06 UTC 2025
Changes made at Mon Aug 25 09:49:39 UTC 2025
Changes made at Mon Aug 25 10:51:50 UTC 2025
Changes made at Tue Aug 26 05:48:45 UTC 2025
Changes made at Tue Aug 26 07:45:09 UTC 2025
Changes made at Tue Aug 26 09:50:19 UTC 2025
Changes made at Tue Aug 26 10:52:15 UTC 2025
Changes made at Wed Aug 27 05:44:46 UTC 2025
Changes made at Wed Aug 27 07:43:24 UTC 2025
Changes made at Wed Aug 27 09:45:54 UTC 2025
Changes made at Wed Aug 27 10:47:42 UTC 2025
Changes made at Thu Aug 28 05:45:43 UTC 2025
Changes made at Thu Aug 28 07:43:53 UTC 2025
Changes made at Thu Aug 28 09:45:40 UTC 2025
Changes made at Thu Aug 28 10:49:11 UTC 2025
Changes made at Fri Aug 29 05:44:44 UTC 2025
Changes made at Fri Aug 29 07:43:25 UTC 2025
Changes made at Fri Aug 29 09:45:20 UTC 2025
Changes made at Fri Aug 29 10:46:56 UTC 2025
Changes made at Sat Aug 30 05:43:14 UTC 2025
Changes made at Sat Aug 30 07:42:56 UTC 2025
Changes made at Sat Aug 30 09:42:50 UTC 2025
Changes made at Sat Aug 30 10:43:15 UTC 2025
Changes made at Sun Aug 31 05:43:28 UTC 2025
Changes made at Sun Aug 31 07:42:55 UTC 2025
Changes made at Sun Aug 31 09:42:54 UTC 2025
Changes made at Sun Aug 31 10:43:14 UTC 2025
Changes made at Mon Sep  1 05:46:56 UTC 2025
Changes made at Mon Sep  1 07:44:45 UTC 2025
Changes made at Mon Sep  1 09:49:47 UTC 2025
Changes made at Mon Sep  1 10:51:01 UTC 2025
Changes made at Tue Sep  2 05:46:48 UTC 2025
Changes made at Tue Sep  2 07:44:47 UTC 2025
Changes made at Tue Sep  2 09:46:03 UTC 2025
Changes made at Tue Sep  2 10:49:47 UTC 2025
Changes made at Wed Sep  3 05:43:36 UTC 2025
Changes made at Wed Sep  3 07:42:48 UTC 2025
Changes made at Wed Sep  3 09:44:09 UTC 2025
Changes made at Wed Sep  3 10:45:00 UTC 2025
Changes made at Thu Sep  4 05:43:20 UTC 2025
Changes made at Thu Sep  4 07:43:11 UTC 2025
Changes made at Thu Sep  4 09:43:54 UTC 2025
Changes made at Thu Sep  4 10:45:22 UTC 2025
Changes made at Fri Sep  5 05:43:44 UTC 2025
Changes made at Fri Sep  5 07:42:53 UTC 2025
Changes made at Fri Sep  5 09:43:57 UTC 2025
Changes made at Fri Sep  5 10:45:57 UTC 2025
Changes made at Sat Sep  6 05:42:49 UTC 2025
Changes made at Sat Sep  6 07:42:53 UTC 2025
Changes made at Sat Sep  6 09:43:09 UTC 2025
Changes made at Sat Sep  6 10:42:44 UTC 2025
Changes made at Sun Sep  7 05:42:56 UTC 2025
Changes made at Sun Sep  7 07:42:49 UTC 2025
Changes made at Sun Sep  7 09:43:09 UTC 2025
Changes made at Sun Sep  7 10:43:20 UTC 2025
Changes made at Mon Sep  8 05:44:36 UTC 2025
Changes made at Mon Sep  8 07:43:31 UTC 2025
Changes made at Mon Sep  8 09:48:24 UTC 2025
Changes made at Mon Sep  8 10:51:01 UTC 2025
Changes made at Tue Sep  9 05:44:29 UTC 2025
Changes made at Tue Sep  9 07:43:32 UTC 2025
Changes made at Tue Sep  9 09:46:11 UTC 2025
Changes made at Tue Sep  9 10:49:33 UTC 2025
Changes made at Wed Sep 10 05:43:40 UTC 2025
Changes made at Wed Sep 10 07:43:12 UTC 2025
Changes made at Wed Sep 10 09:44:55 UTC 2025
Changes made at Wed Sep 10 10:45:23 UTC 2025
Changes made at Thu Sep 11 05:43:56 UTC 2025
Changes made at Thu Sep 11 07:43:28 UTC 2025
Changes made at Thu Sep 11 09:43:42 UTC 2025
Changes made at Thu Sep 11 10:45:06 UTC 2025
Changes made at Fri Sep 12 05:42:47 UTC 2025
Changes made at Fri Sep 12 07:42:42 UTC 2025
Changes made at Fri Sep 12 09:43:41 UTC 2025
Changes made at Fri Sep 12 10:44:48 UTC 2025
Changes made at Sat Sep 13 05:43:08 UTC 2025
Changes made at Sat Sep 13 07:43:19 UTC 2025
Changes made at Sat Sep 13 09:44:26 UTC 2025
Changes made at Sat Sep 13 10:42:54 UTC 2025
Changes made at Sun Sep 14 05:43:07 UTC 2025
Changes made at Sun Sep 14 07:42:56 UTC 2025
Changes made at Sun Sep 14 09:43:00 UTC 2025
Changes made at Sun Sep 14 10:42:50 UTC 2025
Changes made at Mon Sep 15 05:45:21 UTC 2025
Changes made at Mon Sep 15 07:43:58 UTC 2025
Changes made at Mon Sep 15 09:46:16 UTC 2025
Changes made at Mon Sep 15 10:47:21 UTC 2025
Changes made at Tue Sep 16 05:43:13 UTC 2025
Changes made at Tue Sep 16 07:43:11 UTC 2025
Changes made at Tue Sep 16 09:45:46 UTC 2025
Changes made at Tue Sep 16 10:47:18 UTC 2025
Changes made at Wed Sep 17 05:43:48 UTC 2025
Changes made at Wed Sep 17 07:43:20 UTC 2025
Changes made at Wed Sep 17 09:44:56 UTC 2025
Changes made at Wed Sep 17 10:45:22 UTC 2025
Changes made at Thu Sep 18 05:43:40 UTC 2025
Changes made at Thu Sep 18 07:42:42 UTC 2025
Changes made at Thu Sep 18 09:44:33 UTC 2025
Changes made at Thu Sep 18 10:45:36 UTC 2025
Changes made at Fri Sep 19 05:43:38 UTC 2025
Changes made at Fri Sep 19 07:43:20 UTC 2025
Changes made at Fri Sep 19 09:43:52 UTC 2025
Changes made at Fri Sep 19 10:45:34 UTC 2025
Changes made at Sat Sep 20 05:43:27 UTC 2025
Changes made at Sat Sep 20 07:42:53 UTC 2025
Changes made at Sat Sep 20 09:42:47 UTC 2025
Changes made at Sat Sep 20 10:43:29 UTC 2025
Changes made at Sun Sep 21 05:43:29 UTC 2025
Changes made at Sun Sep 21 07:42:59 UTC 2025
Changes made at Sun Sep 21 09:43:22 UTC 2025
Changes made at Sun Sep 21 10:43:19 UTC 2025
Changes made at Mon Sep 22 05:44:22 UTC 2025
Changes made at Mon Sep 22 07:43:28 UTC 2025
Changes made at Mon Sep 22 09:46:49 UTC 2025
Changes made at Mon Sep 22 10:47:11 UTC 2025
Changes made at Tue Sep 23 05:44:38 UTC 2025
Changes made at Tue Sep 23 07:43:32 UTC 2025
Changes made at Tue Sep 23 09:44:34 UTC 2025
Changes made at Tue Sep 23 10:46:06 UTC 2025
Changes made at Wed Sep 24 05:44:05 UTC 2025
Changes made at Wed Sep 24 07:43:04 UTC 2025
Changes made at Wed Sep 24 09:45:27 UTC 2025
Changes made at Wed Sep 24 10:46:32 UTC 2025
Changes made at Thu Sep 25 05:44:38 UTC 2025
Changes made at Thu Sep 25 07:43:55 UTC 2025
Changes made at Thu Sep 25 09:44:50 UTC 2025
Changes made at Thu Sep 25 10:46:23 UTC 2025
Changes made at Fri Sep 26 05:43:58 UTC 2025
Changes made at Fri Sep 26 07:42:39 UTC 2025
Changes made at Fri Sep 26 09:44:01 UTC 2025
Changes made at Fri Sep 26 10:45:37 UTC 2025
Changes made at Sat Sep 27 05:43:13 UTC 2025
Changes made at Sat Sep 27 07:42:40 UTC 2025
Changes made at Sat Sep 27 09:42:40 UTC 2025
Changes made at Sat Sep 27 10:43:17 UTC 2025
Changes made at Sun Sep 28 05:43:31 UTC 2025
Changes made at Sun Sep 28 07:43:10 UTC 2025
Changes made at Sun Sep 28 09:43:06 UTC 2025
Changes made at Sun Sep 28 10:42:51 UTC 2025
Changes made at Mon Sep 29 05:44:48 UTC 2025
Changes made at Mon Sep 29 07:43:52 UTC 2025
Changes made at Mon Sep 29 09:46:15 UTC 2025
Changes made at Mon Sep 29 10:47:00 UTC 2025
Changes made at Tue Sep 30 05:44:52 UTC 2025
Changes made at Tue Sep 30 07:43:05 UTC 2025
Changes made at Tue Sep 30 09:45:54 UTC 2025
Changes made at Tue Sep 30 10:46:44 UTC 2025
Changes made at Wed Oct  1 05:44:23 UTC 2025
Changes made at Wed Oct  1 07:44:11 UTC 2025
Changes made at Wed Oct  1 09:45:47 UTC 2025
Changes made at Wed Oct  1 10:45:58 UTC 2025
Changes made at Thu Oct  2 05:43:12 UTC 2025
Changes made at Thu Oct  2 07:43:14 UTC 2025
Changes made at Thu Oct  2 09:44:01 UTC 2025
Changes made at Thu Oct  2 10:44:24 UTC 2025
Changes made at Fri Oct  3 05:42:55 UTC 2025
Changes made at Fri Oct  3 07:42:58 UTC 2025
Changes made at Fri Oct  3 09:42:50 UTC 2025
Changes made at Fri Oct  3 10:44:26 UTC 2025
Changes made at Sat Oct  4 05:42:56 UTC 2025
Changes made at Sat Oct  4 07:43:19 UTC 2025
Changes made at Sat Oct  4 09:43:08 UTC 2025
Changes made at Sat Oct  4 10:43:14 UTC 2025
Changes made at Sun Oct  5 05:43:16 UTC 2025
Changes made at Sun Oct  5 07:42:44 UTC 2025
Changes made at Sun Oct  5 09:42:43 UTC 2025
Changes made at Sun Oct  5 10:42:56 UTC 2025
Changes made at Mon Oct  6 05:43:46 UTC 2025
Changes made at Mon Oct  6 07:43:18 UTC 2025
Changes made at Mon Oct  6 09:45:44 UTC 2025
Changes made at Mon Oct  6 10:46:08 UTC 2025
Changes made at Tue Oct  7 05:43:38 UTC 2025
Changes made at Tue Oct  7 07:43:19 UTC 2025
Changes made at Tue Oct  7 09:45:06 UTC 2025
Changes made at Tue Oct  7 10:46:21 UTC 2025
Changes made at Wed Oct  8 05:44:13 UTC 2025
Changes made at Wed Oct  8 07:43:26 UTC 2025
Changes made at Wed Oct  8 09:45:32 UTC 2025
Changes made at Wed Oct  8 10:46:18 UTC 2025
Changes made at Thu Oct  9 05:44:24 UTC 2025
Changes made at Thu Oct  9 07:43:00 UTC 2025
Changes made at Thu Oct  9 09:44:37 UTC 2025
Changes made at Thu Oct  9 10:46:54 UTC 2025
Changes made at Fri Oct 10 05:44:21 UTC 2025
Changes made at Fri Oct 10 07:43:18 UTC 2025
Changes made at Fri Oct 10 09:44:28 UTC 2025
Changes made at Fri Oct 10 10:46:07 UTC 2025
Changes made at Sat Oct 11 05:43:13 UTC 2025
Changes made at Sat Oct 11 07:42:47 UTC 2025
Changes made at Sat Oct 11 09:43:07 UTC 2025
Changes made at Sat Oct 11 10:43:01 UTC 2025
Changes made at Sun Oct 12 05:42:43 UTC 2025
Changes made at Sun Oct 12 07:42:53 UTC 2025
Changes made at Sun Oct 12 09:43:16 UTC 2025
Changes made at Sun Oct 12 10:43:14 UTC 2025
Changes made at Mon Oct 13 05:45:19 UTC 2025
Changes made at Mon Oct 13 07:44:17 UTC 2025
Changes made at Mon Oct 13 09:47:19 UTC 2025
Changes made at Mon Oct 13 10:47:27 UTC 2025
Changes made at Tue Oct 14 05:44:13 UTC 2025
Changes made at Tue Oct 14 07:43:21 UTC 2025
Changes made at Tue Oct 14 09:45:42 UTC 2025
Changes made at Tue Oct 14 10:47:28 UTC 2025
Changes made at Wed Oct 15 05:44:43 UTC 2025
Changes made at Wed Oct 15 07:43:59 UTC 2025
Changes made at Wed Oct 15 09:46:45 UTC 2025
Changes made at Wed Oct 15 10:48:23 UTC 2025
Changes made at Thu Oct 16 05:43:52 UTC 2025
Changes made at Thu Oct 16 07:43:12 UTC 2025
Changes made at Thu Oct 16 09:46:39 UTC 2025
Changes made at Thu Oct 16 10:47:29 UTC 2025
Changes made at Fri Oct 17 05:44:00 UTC 2025
Changes made at Fri Oct 17 07:43:07 UTC 2025
Changes made at Fri Oct 17 09:44:20 UTC 2025
Changes made at Fri Oct 17 10:45:59 UTC 2025
Changes made at Sat Oct 18 05:43:21 UTC 2025
Changes made at Sat Oct 18 07:43:00 UTC 2025
Changes made at Sat Oct 18 09:42:50 UTC 2025
Changes made at Sat Oct 18 10:43:40 UTC 2025
Changes made at Sun Oct 19 05:44:11 UTC 2025
Changes made at Sun Oct 19 07:42:58 UTC 2025
Changes made at Sun Oct 19 09:42:59 UTC 2025
Changes made at Sun Oct 19 10:43:00 UTC 2025
Changes made at Mon Oct 20 05:44:39 UTC 2025
Changes made at Mon Oct 20 07:43:42 UTC 2025
Changes made at Mon Oct 20 09:46:02 UTC 2025
Changes made at Mon Oct 20 10:48:08 UTC 2025
Changes made at Tue Oct 21 05:45:01 UTC 2025
Changes made at Tue Oct 21 07:43:34 UTC 2025
Changes made at Tue Oct 21 09:47:02 UTC 2025
Changes made at Tue Oct 21 10:47:16 UTC 2025
Changes made at Wed Oct 22 05:46:06 UTC 2025
Changes made at Wed Oct 22 07:44:29 UTC 2025
Changes made at Wed Oct 22 09:47:06 UTC 2025
Changes made at Wed Oct 22 10:49:17 UTC 2025
Changes made at Thu Oct 23 05:45:11 UTC 2025
Changes made at Thu Oct 23 07:43:35 UTC 2025
Changes made at Thu Oct 23 09:46:27 UTC 2025
Changes made at Thu Oct 23 10:46:17 UTC 2025
Changes made at Fri Oct 24 05:44:40 UTC 2025
Changes made at Fri Oct 24 07:42:54 UTC 2025
Changes made at Fri Oct 24 09:45:03 UTC 2025
